{
    "urlPreinscripcion" : "https://apps.stic.uva.es/preinsmaster/",
    "urlHomologacion" : "http://www.educacionyfp.gob.es/va/servicios-al-ciudadano/catalogo/gestion-titulos/estudios-universitarios/titulos-extranjeros/homologacion-educacion-superior.html",
    "preguntaGradoGeneral" : "¿Tienes un grado universitario que te permita acceder a un programa de máster?",
    "preguntaGradoEspecifica" : "¿Tienes el título de grado en <stub> ?",
    "preguntaHomologacionTitulo" : "¿Está homologado tu título en <stub> por el ministerio de Educación de España?",
    "solicitarPaisEntidadExpedidora" : "De acuerdo, necesitaría que me indicase el país de la entidad que expedió el título que le da acceso al <stub> por favor",
    "respuestaAceptacionAcceso" : "En primer lugar, gracias por tu interés en el <stub>.\nDado que posees un título que permite el acceso al programa de máster es posible tu acceso.",
    "respuestaNegacionAcceso" : "En primer lugar, gracias por tu interés en el <stub>.\nDado que no posees un título válido que permite el acceso al programa de máster no es posible tu acceso.",
    "respuestaHomologacion" : "El <stub> tiene una regulación especial, por lo que sólo se puede admitir a estudiantes que previamente tengan un título homologado.\nSi su título está homologado por el Ministerio de Educación español como equivalente, entonces no hay problema y podremos admitirle, si no es así primero debe gestionar la homologación.",
    "posibilidadInscripcion" : "Es posible inscribirse en plazo en el siguiente enlace:"
}
